,Momentum Strategy,SPY
CAGR,0.236373895218978,0.1605904415296957
Annual Return,0.23146784498729894,0.16272188056914547
Annual Volatility,0.20500522397234933,0.17303769792914472
Sharpe Ratio,1.1290826667837441,0.9403839886715127
Max Drawdown,-0.2122363448527783,-0.23927189217962191
