,Momentum Strategy,SPY
CAGR,0.2305195480726323,0.16059040792043078
Annual Return,0.22538685355334875,0.16272184573623366
Annual Volatility,0.19840333504505528,0.1730376623833409
Sharpe Ratio,1.1360033514666767,0.9403839805449176
Max Drawdown,-0.17754339554570955,-0.23927177194402846
